Datetime,Water Level (m)
2025-04-10 00:00:00,-0.44997248
2025-04-10 01:00:00,-0.84290254
2025-04-10 02:00:00,-1.1743919
2025-04-10 03:00:00,-1.095077
2025-04-10 04:00:00,-0.5574207
2025-04-10 05:00:00,0.062273897
2025-04-10 06:00:00,0.62405443
2025-04-10 07:00:00,1.0402459
2025-04-10 08:00:00,1.2180134
2025-04-10 09:00:00,1.059996
2025-04-10 10:00:00,0.6757846
2025-04-10 11:00:00,0.23433565
2025-04-10 12:00:00,-0.20550211
2025-04-10 13:00:00,-0.634261
2025-04-10 14:00:00,-0.9878747
2025-04-10 15:00:00,-1.0046346
2025-04-10 16:00:00,-0.43774322
2025-04-10 17:00:00,0.19622074
2025-04-10 18:00:00,0.7606658
2025-04-10 19:00:00,1.1784109
2025-04-10 20:00:00,1.3492904
2025-04-10 21:00:00,1.1689539
2025-04-10 22:00:00,0.7670059
2025-04-10 23:00:00,0.30336523
2025-04-11 00:00:00,-0.15715775
2025-04-11 01:00:00,-0.6187567
2025-04-11 02:00:00,-1.0161742
2025-04-11 03:00:00,-1.2391548
2025-04-11 04:00:00,-0.7522499
2025-04-11 05:00:00,-0.08650464
2025-04-11 06:00:00,0.5719037
2025-04-11 07:00:00,1.0879248
2025-04-11 08:00:00,1.3932041
2025-04-11 09:00:00,1.3614932
2025-04-11 10:00:00,1.0111401
2025-04-11 11:00:00,0.5616257
2025-04-11 12:00:00,0.08813195
2025-04-11 13:00:00,-0.3705593
2025-04-11 14:00:00,-0.78763306
2025-04-11 15:00:00,-1.0949303
2025-04-11 16:00:00,-0.75162435
2025-04-11 17:00:00,-0.119620755
2025-04-11 18:00:00,0.5378264
2025-04-11 19:00:00,1.0657951
2025-04-11 20:00:00,1.3895139
2025-04-11 21:00:00,1.3898513
2025-04-11 22:00:00,1.042365
2025-04-11 23:00:00,0.5883983
2025-04-12 00:00:00,0.107481174
2025-04-12 01:00:00,-0.3629787
2025-04-12 02:00:00,-0.7992466
2025-04-12 03:00:00,-1.1623062
2025-04-12 04:00:00,-0.9640212
2025-04-12 05:00:00,-0.3057865
2025-04-12 06:00:00,0.38564077
2025-04-12 07:00:00,0.9920875
2025-04-12 08:00:00,1.4079903
2025-04-12 09:00:00,1.5342886
2025-04-12 10:00:00,1.2771252
2025-04-12 11:00:00,0.8422015
2025-04-12 12:00:00,0.35475397
2025-04-12 13:00:00,-0.12091127
2025-04-12 14:00:00,-0.58946663
2025-04-12 15:00:00,-0.98397595
2025-04-12 16:00:00,-1.0590535
2025-04-12 17:00:00,-0.46417266
2025-04-12 18:00:00,0.22625884
2025-04-12 19:00:00,0.8274158
2025-04-12 20:00:00,1.2585207
2025-04-12 21:00:00,1.4122243
2025-04-12 22:00:00,1.183902
2025-04-12 23:00:00,0.7560263
2025-04-13 00:00:00,0.27764526
2025-04-13 01:00:00,-0.19627154
2025-04-13 02:00:00,-0.66256934
2025-04-13 03:00:00,-1.0701687
2025-04-13 04:00:00,-1.2277963
2025-04-13 05:00:00,-0.6190951
2025-04-13 06:00:00,0.11350824
2025-04-13 07:00:00,0.79457724
2025-04-13 08:00:00,1.2969987
2025-04-13 09:00:00,1.5689511
2025-04-13 10:00:00,1.4674354
2025-04-13 11:00:00,1.0755626
2025-04-13 12:00:00,0.6016008
2025-04-13 13:00:00,0.1098623
2025-04-13 14:00:00,-0.3627335
2025-04-13 15:00:00,-0.7965388
2025-04-13 16:00:00,-1.120249
2025-04-13 17:00:00,-0.7563411
2025-04-13 18:00:00,-0.1077186
2025-04-13 19:00:00,0.56005806
2025-04-13 20:00:00,1.079832
2025-04-13 21:00:00,1.3773141
2025-04-13 22:00:00,1.324455
2025-04-13 23:00:00,0.9437876
2025-04-14 00:00:00,0.48054263
2025-04-14 01:00:00,-0.00042013946
2025-04-14 02:00:00,-0.47638705
2025-04-14 03:00:00,-0.9113145
2025-04-14 04:00:00,-1.2572448
2025-04-14 05:00:00,-0.9169384
2025-04-14 06:00:00,-0.22667758
2025-04-14 07:00:00,0.5034472
2025-04-14 08:00:00,1.1097884
2025-04-14 09:00:00,1.5115159
2025-04-14 10:00:00,1.6027364
2025-04-14 11:00:00,1.3060855
2025-04-14 12:00:00,0.8566835
2025-04-14 13:00:00,0.36294922
2025-04-14 14:00:00,-0.120071426
2025-04-14 15:00:00,-0.5920462
2025-04-14 16:00:00,-0.9864127
2025-04-14 17:00:00,-1.0349514
2025-04-14 18:00:00,-0.42399883
2025-04-14 19:00:00,0.24887875
2025-04-14 20:00:00,0.8239967
2025-04-14 21:00:00,1.2177954
2025-04-14 22:00:00,1.3284612
2025-04-14 23:00:00,1.058635
2025-04-15 00:00:00,0.6264583
2025-04-15 01:00:00,0.15782228
2025-04-15 02:00:00,-0.30767986
2025-04-15 03:00:00,-0.746569
2025-04-15 04:00:00,-1.1509347
2025-04-15 05:00:00,-1.2017424
2025-04-15 06:00:00,-0.5752681
2025-04-15 07:00:00,0.15994638
2025-04-15 08:00:00,0.84501386
2025-04-15 09:00:00,1.3639622
2025-04-15 10:00:00,1.6383306
2025-04-15 11:00:00,1.53031
2025-04-15 12:00:00,1.1323497
2025-04-15 13:00:00,0.657756
2025-04-15 14:00:00,0.16410062
2025-04-15 15:00:00,-0.31044987
2025-04-15 16:00:00,-0.73934925
2025-04-15 17:00:00,-1.0519502
2025-04-15 18:00:00,-0.71506286
2025-04-15 19:00:00,-0.11065772
2025-04-15 20:00:00,0.50537807
2025-04-15 21:00:00,0.97812843
2025-04-15 22:00:00,1.2298627
2025-04-15 23:00:00,1.1370889
2025-04-16 00:00:00,0.7638407
